month,product,units_sold,stock_at_start,stockout_days
2025-01,MS Pipe,195,160,1
2025-01,SS Sheet,138,116,2
2025-01,Fasteners,320,311,3
2025-02,MS Pipe,224,208,2
2025-02,SS Sheet,136,133,3
2025-02,Fasteners,318,328,0
2025-03,MS Pipe,220,223,0
2025-03,SS Sheet,163,179,0
2025-03,Fasteners,345,374,0
2025-04,MS Pipe,233,255,0
2025-04,SS Sheet,145,180,0
2025-04,Fasteners,327,375,0
2025-05,MS Pipe,205,246,0
2025-05,SS Sheet,148,202,0
2025-05,Fasteners,330,297,3
2025-06,MS Pipe,220,280,0
2025-06,SS Sheet,132,105,3
2025-06,Fasteners,314,300,4
2025-07,MS Pipe,204,183,3
2025-07,SS Sheet,116,108,4
2025-07,Fasteners,329,334,0
2025-08,MS Pipe,230,228,4
2025-08,SS Sheet,142,153,0
2025-08,Fasteners,324,348,0
2025-09,MS Pipe,227,244,0
2025-09,SS Sheet,139,169,0
2025-09,Fasteners,352,395,0
2025-10,MS Pipe,256,292,0
2025-10,SS Sheet,168,217,0
2025-10,Fasteners,350,412,0
2025-11,MS Pipe,254,309,0
2025-11,SS Sheet,166,134,4
2025-11,Fasteners,379,360,1
2025-12,MS Pipe,238,212,4
2025-12,SS Sheet,181,168,1
2025-12,Fasteners,363,363,0
